CAL500,502,68,174,0.2,minMax,0.01,3,Exception:[enforce fail at C:\actions-runner\_work\pytorch\pytorch\builder\windows\pytorch\c10\core\impl\alloc_cpu.cpp:81] data. DefaultCPUAllocator: not enough memory: you tried to allocate 1008016 bytes.,,2023-08-06 23:15:58,Maker
CAL500,502,68,174,0.2,minMax,0.01,5,Exception:[enforce fail at C:\actions-runner\_work\pytorch\pytorch\builder\windows\pytorch\c10\core\impl\alloc_cpu.cpp:81] data. DefaultCPUAllocator: not enough memory: you tried to allocate 1008016 bytes.,,2023-08-06 23:15:58,Maker
CAL500,502,68,174,0.2,minMax,0.01,7,Exception:[enforce fail at C:\actions-runner\_work\pytorch\pytorch\builder\windows\pytorch\c10\core\impl\alloc_cpu.cpp:81] data. DefaultCPUAllocator: not enough memory: you tried to allocate 1008016 bytes.,,2023-08-06 23:15:58,Maker
CAL500,502,68,174,0.2,minMax,0.01,11,Exception:[enforce fail at C:\actions-runner\_work\pytorch\pytorch\builder\windows\pytorch\c10\core\impl\alloc_cpu.cpp:81] data. DefaultCPUAllocator: not enough memory: you tried to allocate 349392 bytes.,,2023-08-06 23:15:59,Maker
CAL500,502,68,174,0.2,minMax,0.1,3,Exception:[enforce fail at C:\actions-runner\_work\pytorch\pytorch\builder\windows\pytorch\c10\core\impl\alloc_cpu.cpp:81] data. DefaultCPUAllocator: not enough memory: you tried to allocate 1008016 bytes.,,2023-08-06 23:15:59,Maker
CAL500,502,68,174,0.2,minMax,0.01,9,Exception:[enforce fail at C:\actions-runner\_work\pytorch\pytorch\builder\windows\pytorch\c10\core\impl\alloc_cpu.cpp:81] data. DefaultCPUAllocator: not enough memory: you tried to allocate 1008016 bytes.,,2023-08-06 23:15:59,Maker
CAL500,502,68,174,0.2,minMax,0.1,5,Exception:[enforce fail at C:\actions-runner\_work\pytorch\pytorch\builder\windows\pytorch\c10\core\impl\alloc_cpu.cpp:81] data. DefaultCPUAllocator: not enough memory: you tried to allocate 349392 bytes.,,2023-08-06 23:15:59,Maker
CAL500,502,68,174,0.2,minMax,0.1,7,Exception:[enforce fail at C:\actions-runner\_work\pytorch\pytorch\builder\windows\pytorch\c10\core\impl\alloc_cpu.cpp:81] data. DefaultCPUAllocator: not enough memory: you tried to allocate 1008016 bytes.,,2023-08-06 23:15:59,Maker
CAL500,502,68,174,0.2,minMax,0.1,11,Exception:[enforce fail at C:\actions-runner\_work\pytorch\pytorch\builder\windows\pytorch\c10\core\impl\alloc_cpu.cpp:81] data. DefaultCPUAllocator: not enough memory: you tried to allocate 1008016 bytes.,,2023-08-06 23:15:59,Maker
CAL500,502,68,174,0.2,minMax,0.1,9,Exception:[enforce fail at C:\actions-runner\_work\pytorch\pytorch\builder\windows\pytorch\c10\core\impl\alloc_cpu.cpp:81] data. DefaultCPUAllocator: not enough memory: you tried to allocate 1008016 bytes.,,2023-08-06 23:15:59,Maker
CAL500,502,68,174,0.2,minMax,1,3,Exception:[enforce fail at C:\actions-runner\_work\pytorch\pytorch\builder\windows\pytorch\c10\core\impl\alloc_cpu.cpp:81] data. DefaultCPUAllocator: not enough memory: you tried to allocate 2016032 bytes.,,2023-08-06 23:16:00,Maker
CAL500,502,68,174,0.2,minMax,1,7,Exception:[enforce fail at C:\actions-runner\_work\pytorch\pytorch\builder\windows\pytorch\c10\core\impl\alloc_cpu.cpp:81] data. DefaultCPUAllocator: not enough memory: you tried to allocate 2016032 bytes.,,2023-08-06 23:16:00,Maker
CAL500,502,68,174,0.2,minMax,1,9,Exception:[enforce fail at C:\actions-runner\_work\pytorch\pytorch\builder\windows\pytorch\c10\core\impl\alloc_cpu.cpp:81] data. DefaultCPUAllocator: not enough memory: you tried to allocate 1008016 bytes.,,2023-08-06 23:16:00,Maker
